type,date,hour,kg,price,total,importe,concept,comment
ing,16/08/2023,11:30:58,960.0,6.7,6432.0,0.0,pago,guero nevarez
gas,16/08/2023,11:47:16,0.0,0.0,0.0,460.0,lalo,450+10cam
gas,16/08/2023,11:48:01,0.0,0.0,0.0,300.0,tito,300-50pres
ing,16/08/2023,12:19:34,0.0,0.0,1000.0,0.0,abono,alex karla
ing,16/08/2023,12:32:48,247.0,7.0,1729.0,0.0,,davalos
gas,16/08/2023,13:03:40,0.0,0.0,0.0,400.0,plutis,400-50pres
gas,16/08/2023,13:04:33,0.0,0.0,0.0,380.0,pancho,380-100-20-100pres
ing,16/08/2023,13:06:25,0.0,0.0,800.0,0.0,,4 a 200
gas,16/08/2023,13:27:29,0.0,0.0,0.0,560.0,trino,550+10cam-50pres
gas,16/08/2023,13:27:57,0.0,0.0,0.0,360.0,chuy,350-20pres+10cam
gas,21/08/2023,12:04:33,0.0,0.0,0.0,3000.0,gass salida,picha sergio
gas,21/08/2023,12:39:30,0.0,0.0,0.0,50.0,aguas cliente,trabajador carlos sanchez
gas,21/08/2023,12:48:02,0.0,0.0,0.0,100.0,arpillas,30 a 3.3
gas,21/08/2023,12:48:44,0.0,0.0,0.0,245.0,arpillas,66 a 3.3 y 18 a 1.50
ing,21/08/2023,12:52:28,60.0,7.5,450.0,0.0,pago,rocio
gas,21/08/2023,13:06:51,0.0,0.0,0.0,550.0,trino,
gas,21/08/2023,13:19:19,0.0,0.0,0.0,420.0,feo,400-50-100pres+20cam
gas,21/08/2023,13:24:01,0.0,0.0,0.0,370.0,chuy,350+20cam-20pres
gas,21/08/2023,13:24:09,0.0,0.0,0.0,300.0,tito,
gas,21/08/2023,13:25:16,0.0,0.0,0.0,460.0,lalo,450+10cam
gas,21/08/2023,13:26:22,0.0,0.0,0.0,390.0,pancho,380-80-50-50-20pres+10extra
gas,22/08/2023,09:04:22,0.0,0.0,0.0,1200.0,aguas cliente,mariana guma
ing,22/08/2023,11:14:24,450.0,7.0,3150.0,0.0,pago,ray andrade
gas,22/08/2023,11:14:38,0.0,0.0,0.0,200.0,tarimas,pepe saktel it
ing,22/08/2023,11:55:02,0.0,0.0,2800.0,0.0,renta,kike y diego
gas,22/08/2023,12:15:25,0.0,0.0,0.0,400.0,luis,400-50pres
gas,22/08/2023,12:34:30,0.0,0.0,0.0,360.0,chuy,350-20pres+10cam
gas,22/08/2023,12:37:11,0.0,0.0,0.0,430.0,chango,400+20pow+10cam-50pres
gas,22/08/2023,12:37:30,0.0,0.0,0.0,460.0,lalo,450+10cam
gas,22/08/2023,12:37:45,0.0,0.0,0.0,550.0,trino,
gas,22/08/2023,12:49:15,0.0,0.0,0.0,370.0,pancho,350-100-50-50pres+20extra
gas,24/08/2023,07:12:21,0.0,0.0,0.0,100.0,feo,lo metio pichancha por equivocacion
gas,24/08/2023,09:02:42,0.0,0.0,0.0,10.0,trino,
gas,24/08/2023,09:48:54,0.0,0.0,0.0,409.0,arpillas,124 a 3.3
ing,24/08/2023,10:12:38,53.0,7.5,397.5,0.0,gde,
ing,24/08/2023,11:10:02,10.0,7.5,75.0,0.0,,
ing,24/08/2023,11:11:09,195.0,7.5,1462.5,0.0,gde,cam bca cristiano
ing,24/08/2023,11:39:27,80.0,7.5,600.0,0.0,,
ing,24/08/2023,11:45:11,35.0,7.5,262.5,0.0,,
ing,24/08/2023,11:47:13,23.0,7.5,172.5,0.0,,
gas,24/08/2023,11:56:28,0.0,0.0,0.0,480.0,arpillas,145 a 3.3
ing,24/08/2023,11:57:15,0.0,0.0,1400.0,0.0,pago,castillo
ing,24/08/2023,12:20:36,14.0,7.5,105.0,0.0,,
gas,24/08/2023,13:53:35,0.0,0.0,0.0,460.0,lalo,450+10cam
gas,24/08/2023,13:54:20,0.0,0.0,0.0,306.0,tito,300+14aguas-20pres+6extra
gas,24/08/2023,13:54:34,0.0,0.0,0.0,400.0,chuy,400-20pres
gas,24/08/2023,13:54:47,0.0,0.0,0.0,550.0,trino,550-100pres
gas,24/08/2023,13:57:47,0.0,0.0,0.0,480.0,chango,450+20pow-50pres+10cam
gas,24/08/2023,14:03:40,0.0,0.0,0.0,400.0,pancho,400-100-100-50pres
gas,24/08/2023,14:06:51,0.0,0.0,0.0,350.0,plutis,350llego a las 8-50pres
gas,26/08/2023,08:08:48,0.0,0.0,0.0,45.0,gelatinas picha,5 a 9
ing,26/08/2023,08:13:03,50.0,6.8,340.0,0.0,,
ing,26/08/2023,08:20:21,60.0,6.8,408.0,0.0,pago,chaparro
ing,26/08/2023,08:29:05,20.0,7.5,150.0,0.0,,
ing,26/08/2023,08:32:09,36.0,6.8,244.8,0.0,,raul guzman
ing,26/08/2023,08:34:47,11.0,7.5,82.5,0.0,,
ing,26/08/2023,08:37:40,40.0,6.8,272.0,0.0,,juan cruz
ing,26/08/2023,08:39:43,0.0,0.0,170.0,0.0,,comedor
ing,26/08/2023,08:41:19,60.0,7.5,450.0,0.0,gde,
ing,26/08/2023,09:01:23,0.0,0.0,14400.0,0.0,pago,alfonso hdz
gas,26/08/2023,09:08:37,0.0,0.0,0.0,90.0,ayuda cliente,compra de agua de sabe que a trabajador de ernesto
gas,26/08/2023,09:54:00,0.0,0.0,0.0,2450.0,arpillas,700 a 3.5
ing,26/08/2023,10:08:28,90.0,6.88,619.2,0.0,gde,
gas,26/08/2023,12:41:31,0.0,0.0,0.0,560.0,trino,550+10cam-100-50pres
gas,26/08/2023,13:09:27,0.0,0.0,0.0,280.0,giovanni,
gas,26/08/2023,13:11:02,0.0,0.0,0.0,460.0,lalo,450+10cam
gas,26/08/2023,13:16:57,0.0,0.0,0.0,280.0,tito,
gas,26/08/2023,13:19:31,0.0,0.0,0.0,460.0,chango,450+10cam-100pres
gas,26/08/2023,13:20:35,0.0,0.0,0.0,400.0,pancho,400-150pres
gas,26/08/2023,13:27:14,0.0,0.0,0.0,350.0,plutis,350llego 7.25 - 50pres
gas,28/08/2023,12:20:03,0.0,0.0,0.0,100.0,cocas salida,sos picha
ing,28/08/2023,12:51:20,0.0,0.0,4975.0,0.0,fin mes,saldo efect movimientos banco
gas,28/08/2023,13:11:03,0.0,0.0,0.0,390.0,chuy,400-20pres-6pres
gas,28/08/2023,13:13:01,0.0,0.0,0.0,460.0,lalo,450+10cam-50pres
gas,28/08/2023,13:23:47,0.0,0.0,0.0,405.0,pancho,400-35-250pres+5extra
gas,28/08/2023,13:24:09,0.0,0.0,0.0,5000.0,fin de mes,desposito efectivo ernesto
ing,28/08/2023,13:37:29,0.0,0.0,700.0,0.0,karla alex,abono
gas,28/08/2023,13:41:01,0.0,0.0,0.0,1000.0,gas bca,
gas,28/08/2023,13:42:40,0.0,0.0,0.0,560.0,trino,550+10cam-50pres
gas,28/08/2023,13:57:51,0.0,0.0,0.0,410.0,plutis,400-35pres+10extra
ing,28/08/2023,13:58:52,50.0,7.0,350.0,0.0,pago,barba
gas,28/08/2023,14:02:22,0.0,0.0,0.0,280.0,arpillas,85 a 3.3
gas,29/08/2023,11:31:12,0.0,0.0,0.0,175.0,arpillas,53 a 3.3
gas,29/08/2023,12:00:55,0.0,0.0,0.0,462.0,arpillas,154 a 3
gas,29/08/2023,12:41:39,0.0,0.0,0.0,460.0,lalo,450-50pres+10cam
gas,29/08/2023,12:43:38,0.0,0.0,0.0,470.0,chango,450+20pow-50pres
gas,29/08/2023,13:12:16,0.0,0.0,0.0,300.0,chuy,300llegotardecomo8.5 -20-10pres
gas,29/08/2023,13:15:45,0.0,0.0,0.0,370.0,plutis,350llegodespuesdelas7 -50pres +20extra
gas,29/08/2023,14:05:39,0.0,0.0,0.0,560.0,trino,550+10cam-50pres
gas,29/08/2023,14:06:46,0.0,0.0,0.0,400.0,pancho,400-100-50-50-50pres
ing,29/08/2023,14:07:03,0.0,0.0,4200.0,0.0,pago,irasema
gas,30/08/2023,08:28:28,0.0,0.0,0.0,1500.0,gas roja,
ing,30/08/2023,08:44:51,20.0,7.5,150.0,0.0,,
gas,30/08/2023,10:35:14,0.0,0.0,0.0,15200.0,carroceria,
ing,01/05/2023,07:01:08,40.0,6.0,240.0,0.0,,
ing,01/05/2023,07:01:28,11.0,6.0,66.0,0.0,,
ing,01/05/2023,07:10:16,26.0,6.0,156.0,0.0,,
ing,01/05/2023,07:13:14,70.0,6.0,420.0,0.0,,
ing,01/05/2023,07:14:26,10.0,6.0,60.0,0.0,,
ing,01/05/2023,07:18:09,100.0,6.0,600.0,0.0,,solorio
ing,01/05/2023,07:18:29,60.0,13.0,780.0,0.0,mdo,solorio
ing,01/05/2023,07:22:30,8.0,6.0,48.0,0.0,,
ing,01/05/2023,07:31:05,80.0,6.0,480.0,0.0,,
ing,01/05/2023,07:37:16,43.0,6.5,279.5,0.0,limpio,
gas,01/05/2023,07:48:43,0.0,0.0,0.0,45.0,cafe,dir
ing,01/05/2023,09:47:22,18.0,6.0,108.0,0.0,,
ing,01/05/2023,09:47:53,120.0,5.5,660.0,0.0,gde,hna victor
gas,01/05/2023,10:46:13,0.0,0.0,0.0,150.0,chofer,saldo cel
gas,01/05/2023,10:53:33,0.0,0.0,0.0,330.0,chuy,
gas,01/05/2023,10:54:36,0.0,0.0,0.0,460.0,lalo,
ing,01/05/2023,11:14:26,0.0,0.0,495.0,0.0,,odalpi
ing,01/05/2023,11:34:23,,0.0,180.0,0.0,pacha,
ing,01/05/2023,11:47:09,16.0,6.0,96.0,0.0,,
ing,01/05/2023,11:54:16,30.0,5.0,150.0,0.0,,
ing,01/05/2023,12:04:52,168.0,5.5,924.0,0.0,gde,pelon
gas,01/05/2023,12:06:17,0.0,0.0,0.0,555.0,trino,550-100anteriores-45prestados+10camion
ing,01/05/2023,12:19:01,11.0,5.0,55.0,0.0,,
ing,01/05/2023,12:25:26,54.0,6.0,324.0,0.0,gde,
gas,01/05/2023,12:49:57,0.0,0.0,0.0,360.0,pancho,350-100-50prestados+10extra
ing,01/05/2023,12:56:26,,0.0,2500.0,0.0,pago,pin - miriam
gas,01/05/2023,13:11:43,0.0,0.0,0.0,550.0,plutis,390+50domingo-50-40prestados+100adelantados
ing,02/05/2023,09:20:31,76.0,5.5,418.0,0.0,,
gas,02/05/2023,09:29:27,0.0,0.0,0.0,1150.0,col mdo,115 cu
ing,02/05/2023,09:58:56,64.0,6.5,416.0,0.0,limpio,
gas,02/05/2023,11:22:54,0.0,0.0,0.0,170.0,comida,sergio picha sergemm
gas,02/05/2023,11:27:00,0.0,0.0,0.0,330.0,chuy,300+20extra+10camion-20prestados-50abonoprestamo
gas,02/05/2023,11:29:03,0.0,0.0,0.0,460.0,lalo,450+10camion
gas,02/05/2023,11:29:37,0.0,0.0,0.0,350.0,fer,
gas,02/05/2023,12:30:58,0.0,0.0,0.0,350.0,pancho,350-100-50-50prestados
gas,02/05/2023,12:31:55,0.0,0.0,0.0,350.0,plutis,350-50adelantados-50prestados
gas,02/05/2023,12:44:18,0.0,0.0,0.0,550.0,trino,550-100prestados
ing,03/05/2023,07:05:51,60.0,5.0,300.0,0.0,,pelo bco
ing,03/05/2023,07:06:34,100.0,5.5,550.0,0.0,,raul guzman
gas,03/05/2023,07:06:52,0.0,0.0,0.0,45.0,comida,cafes
ing,03/05/2023,07:09:31,160.0,5.0,800.0,0.0,,ramirez
ing,03/05/2023,07:17:45,4.0,6.0,24.0,0.0,,
ing,03/05/2023,07:26:56,30.0,5.0,150.0,0.0,,nico
ing,03/05/2023,07:43:58,120.0,6.0,720.0,0.0,,solorio
ing,03/05/2023,07:44:10,50.0,13.0,650.0,0.0,mdo,solorio
ing,03/05/2023,07:45:01,14.0,6.0,84.0,0.0,,
ing,03/05/2023,07:46:41,9.0,6.0,54.0,0.0,,
ing,03/05/2023,07:55:53,8.0,6.0,48.0,0.0,,
ing,03/05/2023,07:59:47,40.0,6.0,240.0,0.0,,solorio
ing,03/05/2023,08:16:20,20.0,6.0,120.0,0.0,,
ing,03/05/2023,08:44:01,60.0,6.0,360.0,0.0,,
ing,03/05/2023,08:50:13,30.0,6.0,180.0,0.0,,limpio
ing,03/05/2023,08:56:24,40.0,6.0,240.0,0.0,,
ing,03/05/2023,09:11:12,14.0,6.0,84.0,0.0,,
ing,03/05/2023,09:47:46,13.0,6.0,78.0,0.0,,
ing,03/05/2023,09:53:19,9.0,6.0,54.0,0.0,,
gas,03/05/2023,09:58:56,0.0,0.0,0.0,70.0,comida,lonches picha srgmm
ing,03/05/2023,10:00:31,60.0,6.5,390.0,0.0,limpio,
gas,03/05/2023,10:38:13,0.0,0.0,0.0,2000.0,chofer francisco,prestamo
ing,03/05/2023,10:39:45,19.0,6.0,114.0,0.0,,
ing,03/05/2023,10:41:37,0.0,0.0,300.0,0.0,pago,becerro
ing,03/05/2023,10:42:02,0.0,0.0,1000.0,0.0,pago,karla
gas,03/05/2023,10:45:32,0.0,0.0,0.0,550.0,chofer francisco,virlos taller
ing,03/05/2023,10:52:33,40.0,6.0,240.0,0.0,,
gas,03/05/2023,10:54:05,0.0,0.0,0.0,330.0,chuy,320+10camion-20prestados
gas,03/05/2023,10:58:25,0.0,0.0,0.0,460.0,lalo,450+10camion
ing,03/05/2023,10:58:39,0.0,0.0,300.0,0.0,pachanga,
ing,03/05/2023,10:59:10,0.0,0.0,84.0,0.0,,sra lalo
gas,03/05/2023,10:59:54,0.0,0.0,0.0,350.0,fer,
ing,03/05/2023,11:04:17,0.0,0.0,180.0,0.0,pachan,
ing,03/05/2023,11:36:50,52.0,5.5,286.0,0.0,gde,
gas,03/05/2023,11:48:40,0.0,0.0,0.0,555.0,trino,550-45prestados+10camion
gas,03/05/2023,12:00:59,0.0,0.0,0.0,700.0,ucma cuota,mayo
gas,03/05/2023,12:01:23,0.0,0.0,0.0,2600.0,pension ucma,2 cajones mayo
ing,03/05/2023,12:15:42,29.0,12.0,348.0,0.0,mdo,
gas,03/05/2023,12:37:12,0.0,0.0,0.0,370.0,pancho,350+20extra-100-50prestados
ing,03/05/2023,12:52:25,10.0,6.0,60.0,0.0,,
ing,03/05/2023,12:52:35,4.6,13.0,59.8,0.0,mdo,
ing,03/05/2023,12:52:42,50.0,6.0,300.0,0.0,gde,
gas,03/05/2023,13:15:28,0.0,0.0,0.0,110.0,comida,srgmm
gas,03/05/2023,13:20:55,0.0,0.0,0.0,400.0,plutis,400-50atrasados
ing,06/05/2023,07:37:43,31.0,14.5,449.5,0.0,mdo,
ing,06/05/2023,07:37:57,200.0,5.0,1000.0,0.0,,karla
ing,06/05/2023,07:38:51,26.0,6.5,169.0,0.0,bco,pablo lopez
gas,06/05/2023,,,,,900.0,lalo,2 dias -100prestados
gas,06/05/2023,11:30:59,0.0,0.0,0.0,200.0,comida,jitomate
gas,06/05/2023,12:10:56,0.0,0.0,0.0,550.0,trino,550-150prestados
gas,08/05/2023,06:33:02,0.0,0.0,0.0,100.0,aguas cliente,jose solorio
ing,08/05/2023,06:33:17,56.0,6.0,336.0,0.0,,
ing,08/05/2023,06:56:47,50.0,6.0,300.0,0.0,gde,
ing,08/05/2023,06:58:11,4.0,6.0,24.0,0.0,gde,
ing,08/05/2023,07:06:14,14.0,14.0,196.0,0.0,mdo,
ing,08/05/2023,07:06:48,0.0,0.0,150.0,0.0,,toro
ing,08/05/2023,07:07:43,15.0,6.0,90.0,0.0,,
ing,08/05/2023,07:30:16,11.0,6.0,66.0,0.0,,
gas,08/05/2023,11:13:08,0.0,0.0,0.0,330.0,chuy,320+10camion-20prestados
gas,08/05/2023,11:17:21,0.0,0.0,0.0,950.0,lalo,450+500desuguardado
ing,08/05/2023,11:17:31,40.0,6.0,240.0,0.0,,
ing,08/05/2023,11:22:32,0.0,0.0,100.0,0.0,pachanga,
ing,08/05/2023,11:22:46,116.0,5.0,580.0,0.0,gde,
gas,08/05/2023,11:23:57,0.0,0.0,0.0,120.0,comida,sergio picha srgmm
ing,08/05/2023,11:32:37,167.0,6.0,1002.0,0.0,gde,
ing,08/05/2023,11:44:07,0.0,0.0,400.0,0.0,pago,becerro
ing,08/05/2023,11:49:06,20.0,5.0,100.0,0.0,,
gas,08/05/2023,11:59:52,0.0,0.0,0.0,1400.0,gass,salida papa pichancha
gas,08/05/2023,12:00:04,0.0,0.0,0.0,100.0,salida,cocas
ing,08/05/2023,12:00:54,16.0,6.0,96.0,0.0,,
ing,08/05/2023,12:04:37,10.0,5.0,50.0,0.0,gde,
ing,08/05/2023,12:26:19,55.0,6.0,330.0,0.0,gde,
ing,08/05/2023,12:30:46,30.0,5.0,150.0,0.0,,paco guzman
ing,08/05/2023,12:52:37,5.0,180.0,900.0,0.0,pago,gono
ing,08/05/2023,13:10:25,20.0,6.0,120.0,0.0,,
gas,08/05/2023,13:24:10,0.0,0.0,0.0,350.0,pancho,
gas,08/05/2023,13:25:21,0.0,0.0,0.0,550.0,trino,550-50prestados(50pendientesManana)
ing,08/05/2023,13:29:37,98.0,6.0,588.0,0.0,gde,pick up bca
gas,08/05/2023,13:52:21,0.0,0.0,0.0,500.0,plutis,400-50prestados+100adelantados
gas,09/05/2023,12:53:06,0.0,0.0,0.0,1460.0,lalo,450-20prestados+10camion+1000ahorrado
gas,09/05/2023,12:55:22,0.0,0.0,0.0,330.0,chuy,320-20prestados+10camion
gas,09/05/2023,12:55:42,0.0,0.0,0.0,350.0,fer,350-20prestados
gas,09/05/2023,12:58:30,0.0,0.0,0.0,350.0,pancho,
gas,09/05/2023,12:59:24,0.0,0.0,0.0,550.0,trino,550-50atrasados+10camion
gas,09/05/2023,13:10:27,0.0,0.0,0.0,350.0,plutis,350-50adelantados
gas,11/05/2023,10:54:39,0.0,0.0,0.0,320.0,chuy,320-20prestados
gas,11/05/2023,10:56:35,0.0,0.0,0.0,450.0,lalo,
gas,13/05/2023,12:37:54,0.0,0.0,0.0,500.0,lalo,
gas,13/05/2023,12:43:27,0.0,0.0,0.0,400.0,chuy,400-20prestados
gas,13/05/2023,12:44:30,0.0,0.0,0.0,450.0,fer,450-30prestados
gas,13/05/2023,12:54:30,0.0,0.0,0.0,470.0,pancho,470-50prestados
ing,13/05/2023,12:55:11,20.0,6.5,130.0,0.0,,
gas,13/05/2023,13:02:06,0.0,0.0,0.0,450.0,plutis,350-50prestados+100pendientes
ing,13/05/2023,13:02:17,11.0,6.5,71.5,0.0,,
gas,13/05/2023,13:04:21,0.0,0.0,0.0,550.0,trino,550-150-100prestados
gas,16/05/2023,10:52:23,0.0,0.0,0.0,30.0,camioneta,desodorante
gas,16/05/2023,12:49:09,0.0,0.0,0.0,340.0,chuy,320-20prestados+20camion
gas,16/05/2023,12:49:22,0.0,0.0,0.0,460.0,lalo,450-50prestados+10camion
gas,16/05/2023,13:06:09,0.0,0.0,0.0,550.0,trino,500-50prestadosdiaantes
gas,16/05/2023,13:14:19,0.0,0.0,0.0,400.0,plutis,400-100prestadosyapuesta
gas,16/05/2023,13:15:28,0.0,0.0,0.0,370.0,pancho,370-50prestados
gas,18/05/2023,11:29:28,0.0,0.0,0.0,10.0,lalo,camion
gas,18/05/2023,11:37:10,0.0,0.0,0.0,330.0,chuy,320-20prestados+10cigarro
gas,18/05/2023,12:31:05,0.0,0.0,0.0,550.0,trino,550-50prestados(50pendientes)
gas,18/05/2023,12:48:52,0.0,0.0,0.0,370.0,plutis,370-50prestados-50adelantados
gas,18/05/2023,12:50:00,0.0,0.0,0.0,370.0,pancho,370-50-100prestados
gas,19/05/2023,11:29:51,0.0,0.0,0.0,350.0,feo,350-20prestados
gas,19/05/2023,11:30:47,0.0,0.0,0.0,360.0,chuy,350-20prestados+10camion
gas,19/05/2023,11:34:42,0.0,0.0,0.0,50.0,lalo,
gas,19/05/2023,13:03:47,0.0,0.0,0.0,550.0,trino,550-50pendientes
gas,19/05/2023,13:09:54,0.0,0.0,0.0,370.0,pancho,370-100prestados
gas,19/05/2023,13:16:01,0.0,0.0,0.0,550.0,plutis,400-50llegotarde-50prestados-50adelantados+200adelantados
gas,22/05/2023,05:54:21,0.0,0.0,0.0,1200.0,cliente,mariana guma
ing,22/05/2023,10:39:17,0.0,0.0,1000.0,0.0,abono,karla
ing,22/05/2023,10:39:30,0.0,0.0,7872.0,0.0,pago,irasema
gas,22/05/2023,10:43:52,0.0,0.0,0.0,370.0,feo,
gas,22/05/2023,10:44:19,0.0,0.0,0.0,340.0,chuy,320-20-10prestados+20camion
ing,22/05/2023,10:47:59,0.0,0.0,120.0,0.0,pago,lalo sra
gas,22/05/2023,10:48:12,0.0,0.0,0.0,455.0,lalo,450+5camion
gas,22/05/2023,10:49:54,0.0,0.0,0.0,405.0,chango,400-50prestados+5camion
ing,22/05/2023,11:07:48,0.0,0.0,1000.0,0.0,pago,gono
gas,22/05/2023,11:49:16,0.0,0.0,0.0,560.0,trino,550+10camion
gas,22/05/2023,12:04:58,0.0,0.0,0.0,370.0,pancho,370-100-50-50prestados
ing,22/05/2023,12:05:14,67.0,5.0,335.0,0.0,gde,
ing,22/05/2023,12:05:31,70.0,6.12,428.4,0.0,gde,
ing,22/05/2023,12:05:51,5.0,6.5,32.5,0.0,,
ing,22/05/2023,12:11:06,23.0,5.0,115.0,0.0,gde,
ing,22/05/2023,13:09:41,30.0,6.0,180.0,0.0,,
gas,22/05/2023,13:23:58,0.0,0.0,0.0,195.0,arpillas,55 a 3.5
gas,23/05/2023,11:05:19,0.0,0.0,0.0,370.0,feo,370-50prestados
gas,23/05/2023,11:06:16,0.0,0.0,0.0,330.0,chuy,320-20prestados+10camion
gas,23/05/2023,11:06:58,0.0,0.0,0.0,460.0,lalo,450+10camion
gas,23/05/2023,11:16:53,0.0,0.0,0.0,420.0,chango,400+20camion
ing,23/05/2023,11:51:37,0.0,0.0,2000.0,0.0,pago,gonio
ing,23/05/2023,11:51:48,106.0,5.5,583.0,0.0,gde,
ing,23/05/2023,11:52:28,6.0,6.0,36.0,0.0,,
ing,23/05/2023,11:52:57,80.0,6.5,520.0,0.0,gde,
ing,23/05/2023,12:19:58,189.0,5.8,1096.2,0.0,gde,
gas,23/05/2023,12:26:15,0.0,0.0,0.0,710.0,arpillas,verdes 100 a 3.5 amrillas 120 a 3
gas,23/05/2023,12:27:16,0.0,0.0,0.0,370.0,pancho,370-115prestados
ing,23/05/2023,12:37:08,70.0,6.5,455.0,0.0,gde,
ing,23/05/2023,12:49:27,12.0,6.5,78.0,0.0,,
ing,23/05/2023,13:04:15,30.0,6.5,195.0,0.0,gde,
ing,23/05/2023,13:24:54,52.0,6.5,338.0,0.0,,
gas,23/05/2023,13:51:42,0.0,0.0,0.0,350.0,plutis,350-50prestados llego tarde
ing,25/05/2023,12:28:18,0.0,0.0,794.0,0.0,pago,luz miriam
gas,25/05/2023,12:33:43,0.0,0.0,0.0,400.0,gasolina,platina
gas,25/05/2023,12:33:58,0.0,0.0,0.0,150.0,llantero,chofer camion
gas,25/05/2023,12:34:10,0.0,0.0,0.0,100.0,cocas,picha sergio
gas,25/05/2023,13:01:16,0.0,0.0,0.0,520.0,chuy,500-20prestados+20camion
gas,25/05/2023,13:01:34,0.0,0.0,0.0,420.0,chuy,400-20prestados+20camion
gas,25/05/2023,13:02:55,0.0,0.0,0.0,570.0,trino,550+10airellanatas+10camion
ing,25/05/2023,13:03:37,0.0,0.0,3000.0,0.0,pago,isidro salcedo
gas,25/05/2023,13:05:17,0.0,0.0,0.0,420.0,chango,se habia apuntado 50 pero dice que no pidio
ing,25/05/2023,13:21:57,55.0,6.5,357.5,0.0,gde,
gas,25/05/2023,13:31:13,0.0,0.0,0.0,400.0,plutis,400-50prestados
ing,25/05/2023,13:31:33,50.0,6.0,300.0,0.0,gde,
gas,25/05/2023,13:32:51,0.0,0.0,0.0,450.0,pancho,450-200prestados
ing,27/05/2023,09:58:35,90.0,6.0,540.0,0.0,gde,
ing,27/05/2023,11:04:38,16.0,6.5,104.0,0.0,,
gas,27/05/2023,11:05:04,0.0,0.0,0.0,460.0,chango,450arpillada-100prestados+10camion
ing,27/05/2023,11:05:13,9.0,6.5,58.5,0.0,,
gas,27/05/2023,11:05:50,0.0,0.0,0.0,150.0,alex sobada,
ing,27/05/2023,11:17:34,27.0,6.5,175.5,0.0,,
gas,27/05/2023,11:25:14,0.0,0.0,0.0,380.0,pancho,380-110prestados
ing,29/05/2023,11:31:27,0.0,0.0,6000.0,0.0,pago,jorge avalos
ing,29/05/2023,11:32:05,0.0,0.0,1200.0,0.0,pago,gonio
ing,29/05/2023,11:45:24,0.0,0.0,150.0,0.0,pago,cholo
gas,29/05/2023,11:50:22,0.0,0.0,0.0,657.0,arpillas,199 a 3.3
gas,29/05/2023,12:04:17,0.0,0.0,0.0,340.0,chuy,320+20camion-20prestados
gas,29/05/2023,12:05:17,0.0,0.0,0.0,460.0,lalo,450+10camion
gas,29/05/2023,12:11:17,0.0,0.0,0.0,420.0,chango,400+20prestados
gas,29/05/2023,12:14:32,0.0,0.0,0.0,560.0,trino,550-50anteriores+10camion
ing,29/05/2023,12:23:22,0.0,0.0,18962.4,0.0,banco,fin de mes
gas,29/05/2023,12:23:36,0.0,0.0,0.0,100.0,cocas,picha sergio
gas,29/05/2023,12:23:48,0.0,0.0,0.0,4000.0,cargada,
gas,29/05/2023,12:23:59,0.0,0.0,0.0,900.0,camioneta,
ing,29/05/2023,12:30:38,99.0,6.0,594.0,0.0,,
ing,29/05/2023,12:37:05,200.0,5.5,1100.0,0.0,davalos,
gas,29/05/2023,12:52:17,0.0,0.0,0.0,525.0,arpillas,150 a 3.50
gas,29/05/2023,13:18:57,0.0,0.0,0.0,350.0,plutis,400-50tarde-200prestados
gas,29/05/2023,13:22:20,0.0,0.0,0.0,370.0,pancho,370-150prestados
ing,27/05/2023,09:58:35,90.0,6.0,540.0,0.0,gde,
ing,27/05/2023,11:04:38,16.0,6.5,104.0,0.0,,
gas,27/05/2023,11:05:04,0.0,0.0,0.0,460.0,chango,450arpillada-100prestados+10camion
ing,27/05/2023,11:05:13,9.0,6.5,58.5,0.0,,
gas,27/05/2023,11:05:50,0.0,0.0,0.0,150.0,alex sobada,
ing,27/05/2023,11:17:34,27.0,6.5,175.5,0.0,,
gas,27/05/2023,11:25:14,0.0,0.0,0.0,380.0,pancho,380-110prestados
ing,29/05/2023,11:31:27,0.0,0.0,6000.0,0.0,pago,jorge avalos
ing,29/05/2023,11:32:05,0.0,0.0,1200.0,0.0,pago,gonio
ing,29/05/2023,11:45:24,0.0,0.0,150.0,0.0,pago,cholo
gas,29/05/2023,11:50:22,0.0,0.0,0.0,657.0,arpillas,199 a 3.3
gas,29/05/2023,12:04:17,0.0,0.0,0.0,340.0,chuy,320+20camion-20prestados
gas,29/05/2023,12:05:17,0.0,0.0,0.0,460.0,lalo,450+10camion
gas,29/05/2023,12:11:17,0.0,0.0,0.0,420.0,chango,400+20prestados
gas,29/05/2023,12:14:32,0.0,0.0,0.0,560.0,trino,550-50anteriores+10camion
ing,29/05/2023,12:23:22,0.0,0.0,18962.4,0.0,banco,fin de mes
gas,29/05/2023,12:23:36,0.0,0.0,0.0,100.0,cocas,picha sergio
gas,29/05/2023,12:23:48,0.0,0.0,0.0,4000.0,cargada,
gas,29/05/2023,12:23:59,0.0,0.0,0.0,900.0,camioneta,
ing,29/05/2023,12:30:38,99.0,6.0,594.0,0.0,,
ing,29/05/2023,12:37:05,200.0,5.5,1100.0,0.0,davalos,
gas,29/05/2023,12:52:17,0.0,0.0,0.0,525.0,arpillas,150 a 3.5
gas,29/05/2023,13:18:57,0.0,0.0,0.0,350.0,plutis,400-50tarde-200prestados
ing,30/05/2023,12:21:03,186.0,6.0,1116.0,0.0,gde,
ing,30/05/2023,12:21:16,80.0,6.5,520.0,0.0,gde,
ing,30/05/2023,12:21:31,78.0,6.5,507.0,0.0,gde,
ing,30/05/2023,12:21:39,0.0,0.0,180.0,0.0,pach,
ing,30/05/2023,12:30:31,70.0,6.5,455.0,0.0,gde,
ing,30/05/2023,12:30:43,13.0,6.5,84.5,0.0,,
ing,30/05/2023,12:52:13,50.0,6.5,325.0,0.0,,
gas,30/05/2023,13:24:44,0.0,0.0,0.0,20.0,chocol,sergemm
ing,30/05/2023,13:25:50,30.0,6.5,195.0,0.0,,roro
gas,30/05/2023,13:38:04,0.0,0.0,0.0,165.0,arpillas,50 por 3.3
gas,01/06/2023,14:24:35,0.0,0.0,0.0,320.0,chuy,400-100llegoalas8-20prestados+40extras
gas,01/06/2023,14:27:25,0.0,0.0,0.0,515.0,lalo,500+15camion-50prestados
gas,01/06/2023,14:36:44,0.0,0.0,0.0,250.0,plutis,llego a las 9 am
gas,01/06/2023,14:38:12,0.0,0.0,0.0,450.0,pancho,450-250prestados
gas,01/06/2023,14:38:24,0.0,0.0,0.0,550.0,trino,
gas,02/06/2023,14:41:53,0.0,0.0,0.0,420.0,chuy,420-20prestados
gas,02/06/2023,14:42:07,0.0,0.0,0.0,450.0,pancho,450-150prestados
gas,02/06/2023,14:48:27,0.0,0.0,0.0,450.0,plutis,400+50repartir-50prestados
gas,03/06/2023,11:12:15,0.0,0.0,0.0,700.0,pago,ucma cuota
gas,03/06/2023,11:12:28,0.0,0.0,0.0,2600.0,pago,ucma pension
gas,03/06/2023,11:23:10,0.0,0.0,0.0,370.0,chuy,350-20+20camion llego temprano y anduvo activo
gas,03/06/2023,11:23:27,0.0,0.0,0.0,450.0,lalo,450-20prestados
ing,03/06/2023,11:32:36,0.0,0.0,1883.0,0.0,pago,castillo
ing,03/06/2023,11:32:46,0.0,0.0,500.0,0.0,pago,odalpi
ing,03/06/2023,11:33:00,0.0,0.0,5134.0,0.0,pago,carlos sanchez
ing,03/06/2023,11:59:48,0.0,0.0,4000.0,0.0,pago,becerro
ing,03/06/2023,11:59:58,0.0,0.0,4000.0,0.0,pago,jorge cotoroo
gas,05/06/2023,11:06:44,0.0,0.0,0.0,1450.0,col mdo,10 a 145
ing,05/06/2023,11:07:15,0.0,0.0,8685.0,0.0,pago,irasema
ing,05/06/2023,11:09:54,0.0,0.0,2200.0,0.0,pago,leo cotorra
ing,05/06/2023,11:11:15,0.0,0.0,436.0,0.0,pago,isidro salcedo
gas,05/06/2023,11:17:12,0.0,0.0,0.0,3600.0,renta bodega gob,
ing,05/06/2023,11:18:45,0.0,0.0,1010.0,0.0,pago barba,barba
ing,05/06/2023,11:18:52,0.0,0.0,44.0,0.0,,
ing,05/06/2023,11:26:29,0.0,0.0,400.0,0.0,,
gas,05/06/2023,11:27:07,0.0,0.0,0.0,5500.0,gass salida,sergio picha
gas,05/06/2023,11:27:19,0.0,0.0,0.0,100.0,cocas salida,sergio picha
ing,05/06/2023,11:30:02,30.0,6.5,195.0,0.0,,
gas,05/06/2023,11:40:42,0.0,0.0,0.0,350.0,chuy,350temprano-20prestados
gas,05/06/2023,11:41:30,0.0,0.0,0.0,460.0,lalo,450+10camion
gas,05/06/2023,11:43:05,0.0,0.0,0.0,420.0,chango,400+20camion-50prestados-50prestados
ing,05/06/2023,12:00:31,80.0,6.5,520.0,0.0,,yaky
ing,05/06/2023,12:18:01,175.0,6.5,1137.5,0.0,gde,
ing,05/06/2023,12:18:22,30.0,6.5,195.0,0.0,,
ing,05/06/2023,12:18:46,10.0,6.5,65.0,0.0,,
ing,05/06/2023,12:37:44,0.0,0.0,500.0,0.0,abono,alex karla
gas,05/06/2023,12:50:40,0.0,0.0,0.0,450.0,arpillas,155 a 3 de las amarillas - se deben 10 pesos
gas,05/06/2023,13:13:04,0.0,0.0,0.0,380.0,pancho,370-60-50-50prestados+10extra
gas,05/06/2023,13:22:50,0.0,0.0,0.0,370.0,plutis,400-35prestados
gas,05/06/2023,13:25:02,0.0,0.0,0.0,560.0,trino,550-50prestados+10camion(quedaron 50 pendientes)
ing,06/06/2023,09:20:53,0.0,0.0,5135.0,0.0,pago,leo cotorro
ing,06/06/2023,09:21:04,120.0,6.5,780.0,0.0,,
ing,06/06/2023,09:24:57,80.0,6.0,480.0,0.0,,
ing,06/06/2023,09:25:10,40.0,6.5,260.0,0.0,limpio,
gas,06/06/2023,09:25:32,0.0,0.0,0.0,140.0,comida,chango - pancho - lalo - picha
ing,06/06/2023,09:39:49,0.0,0.0,550.0,0.0,pago,pablo lopez
gas,06/06/2023,09:43:15,0.0,0.0,0.0,155.0,comida,srgmm - trino - chuy
gas,06/06/2023,10:35:46,0.0,0.0,0.0,50.0,tamaro,cambio camiones
ing,06/06/2023,10:45:45,56.0,6.0,336.0,0.0,gde,
gas,06/06/2023,10:50:50,0.0,0.0,0.0,50.0,comida,2 maruchan
ing,06/06/2023,11:51:02,0.0,0.0,380.0,0.0,pach,2 de col
gas,06/06/2023,11:54:37,0.0,0.0,0.0,350.0,chango,se fue a las 11.30
gas,06/06/2023,13:54:32,0.0,0.0,0.0,550.0,trino,siguen pendientes de rebajar 50
gas,06/06/2023,13:55:22,0.0,0.0,0.0,510.0,lalo,500-50prestados-10prestados+10camion
gas,06/06/2023,13:58:54,0.0,0.0,0.0,390.0,chuy,400-20tarde-20prestados-20prestados+10camion
gas,06/06/2023,14:01:12,0.0,0.0,0.0,410.0,pancho,400-160prestados+10extra
gas,08/06/2023,12:36:38,0.0,0.0,0.0,455.0,lalo,450+5camion
gas,08/06/2023,12:36:51,0.0,0.0,0.0,550.0,trino,
gas,08/06/2023,12:37:08,0.0,0.0,0.0,360.0,chuy,350+10camion-20prestados
gas,08/06/2023,13:09:26,0.0,0.0,0.0,440.0,chango,400+20camion+20power-100prestados
gas,08/06/2023,13:17:47,0.0,0.0,0.0,165.0,arpillas,a 3.30
gas,10/06/2023,13:42:53,0.0,0.0,0.0,550.0,trino,
gas,10/06/2023,13:43:20,0.0,0.0,0.0,515.0,lalo,500+15camion-50prestados
gas,10/06/2023,13:43:41,0.0,0.0,0.0,470.0,pancho,450-70-50-50prestados+20extra
gas,10/06/2023,13:49:46,0.0,0.0,0.0,450.0,plutis,400-50prestados+60loncheycoca+50diaanterior
gas,12/06/2023,11:02:51,0.0,0.0,0.0,220.0,chuy,150llegotarde y dormidoarriba-20prestados+50extra
gas,12/06/2023,11:03:01,0.0,0.0,0.0,450.0,lalo,450-50prestados
gas,12/06/2023,11:25:54,0.0,0.0,0.0,410.0,chango,400-50prestados+10camion
gas,12/06/2023,11:36:56,0.0,0.0,0.0,380.0,pancho,370-200prestados+10extra
gas,12/06/2023,11:37:31,0.0,0.0,0.0,9500.0,gass salida,picha sergio
ing,12/06/2023,11:37:43,0.0,0.0,8204.0,0.0,pago,irasema
ing,12/06/2023,11:45:23,49.0,6.0,294.0,0.0,,
gas,12/06/2023,12:43:29,0.0,0.0,0.0,550.0,trino,
gas,12/06/2023,13:06:51,0.0,0.0,0.0,400.0,plutis,400-50prestados
gas,13/06/2023,11:32:49,0.0,0.0,0.0,460.0,lalo,450-50prestados+10camion
ing,13/06/2023,11:38:25,0.0,0.0,2800.0,0.0,pago,renta kike y diego
gas,13/06/2023,12:28:17,0.0,0.0,0.0,370.0,pancho,370-50prestados
gas,13/06/2023,12:33:39,0.0,0.0,0.0,550.0,trino,
gas,13/06/2023,12:34:40,0.0,0.0,0.0,400.0,plutis,400-50prestados
gas,15/06/2023,12:25:16,0.0,0.0,0.0,370.0,chango,350llegotarde-50prestados+20camion
gas,15/06/2023,12:25:40,0.0,0.0,0.0,510.0,lalo,500-50prestado+10camion
gas,15/06/2023,13:40:16,0.0,0.0,0.0,380.0,pancho,380-200prestados
gas,16/06/2023,13:07:14,0.0,0.0,0.0,500.0,lalo,500-50prestados
gas,16/06/2023,13:07:21,0.0,0.0,0.0,550.0,trino,
gas,16/06/2023,13:07:31,0.0,0.0,0.0,380.0,chuy,380-40prestados
gas,16/06/2023,13:08:21,0.0,0.0,0.0,420.0,chango,400-300+20camion
gas,16/06/2023,13:11:37,0.0,0.0,0.0,300.0,pancho,300-100prestado
gas,17/06/2023,11:40:09,0.0,0.0,0.0,400.0,chuy,400llegotempra-40prestados+10camion
gas,17/06/2023,11:40:28,0.0,0.0,0.0,450.0,chango,400+50pendientesdiaanterior
gas,17/06/2023,11:40:56,0.0,0.0,0.0,510.0,lalo,500-100prestados+10camion
ing,17/06/2023,12:19:57,0.0,0.0,8100.0,0.0,pago,irasema
ing,17/06/2023,12:20:11,0.0,0.0,2200.0,0.0,pago,leo cot
ing,17/06/2023,12:24:01,115.0,6.5,747.5,0.0,gde,
gas,17/06/2023,12:35:11,0.0,0.0,0.0,550.0,trino,550 (quedaron pendientes 100 que pidio)
gas,17/06/2023,12:36:41,0.0,0.0,0.0,5000.0,picha,
gas,17/06/2023,13:27:49,0.0,0.0,0.0,5500.0,chofer francisco,
ing,17/06/2023,13:30:18,50.0,6.0,300.0,0.0,,
gas,17/06/2023,13:43:50,0.0,0.0,0.0,450.0,plutis,400-150prestados+50pararebajaraldiasiguiente
gas,17/06/2023,13:44:39,0.0,0.0,0.0,350.0,pancho,350seretirotemprano10.10-50prestados
gas,19/06/2023,10:20:29,0.0,0.0,0.0,270.0,carlos,250+20camion
gas,19/06/2023,10:20:55,0.0,0.0,0.0,270.0,chuy,250+20camion-20prestados
gas,19/06/2023,10:21:34,0.0,0.0,0.0,460.0,lalo,450+10camion-10prestados
gas,19/06/2023,10:24:12,0.0,0.0,0.0,400.0,chango,pendientes rebajar 50 del viernes
gas,19/06/2023,10:24:52,0.0,0.0,0.0,100.0,gass salida fuera,picha sergio
gas,19/06/2023,10:25:27,0.0,0.0,0.0,14000.0,entrega sergio,resto de pago seguro gass medicos
gas,19/06/2023,10:26:16,0.0,0.0,0.0,5000.0,entrega sergio,500 y 200 en cajon
ing,19/06/2023,10:26:25,18.0,6.5,117.0,0.0,,
gas,19/06/2023,11:42:47,0.0,0.0,0.0,550.0,trino,550-50anteriores
ing,19/06/2023,12:29:51,0.0,0.0,500.0,0.0,gde,odalpi
ing,19/06/2023,12:30:03,0.0,0.0,1000.0,0.0,gde,tortas pelon
ing,19/06/2023,12:30:15,0.0,0.0,200.0,0.0,pach,
ing,19/06/2023,12:33:53,20.0,6.0,120.0,0.0,,
gas,19/06/2023,13:09:24,0.0,0.0,0.0,400.0,plutis,400llego temprano-50anteriores-50prestados
gas,19/06/2023,13:11:22,0.0,0.0,0.0,350.0,pancho,350-150prestados
gas,19/06/2023,13:12:12,0.0,0.0,0.0,2000.0,arpillas,1030 por 3.5 - 2000 pago - 1605 pendiente
gas,22/06/2023,11:04:03,0.0,0.0,0.0,360.0,chuy,350+15camion-25prestados
gas,22/06/2023,11:22:06,0.0,0.0,0.0,450.0,chango,400+10camion+20power-50prestados-50anteriores+20extra
gas,22/06/2023,11:22:59,0.0,0.0,0.0,455.0,lalo,450+5camion
ing,22/06/2023,11:23:17,0.0,0.0,9002.0,0.0,pago irasema,
ing,22/06/2023,11:23:52,0.0,0.0,940.0,0.0,pago,karla
ing,22/06/2023,11:25:28,0.0,0.0,68700.0,0.0,pago,karina flores 69000 - 300
ing,22/06/2023,12:19:20,0.0,0.0,1240.0,0.0,pago,castillo
gas,26/06/2023,11:54:40,0.0,0.0,0.0,2100.0,gass salida,picha sergio 2k mas 100 cocas
ing,26/06/2023,11:59:54,147.0,6.5,950.0,0.0,gde,
gas,26/06/2023,12:00:30,0.0,0.0,0.0,800.0,gass salida,picha sergio
ing,26/06/2023,12:04:17,18.0,6.0,108.0,0.0,,
gas,26/06/2023,12:05:08,0.0,0.0,0.0,29.0,dulce,
gas,26/06/2023,12:44:32,0.0,0.0,0.0,410.0,feo,410-40prestados
gas,26/06/2023,12:49:26,0.0,0.0,0.0,510.0,lalo,500+10camion
ing,26/06/2023,12:49:47,16.0,7.0,112.0,0.0,,
gas,26/06/2023,12:53:35,0.0,0.0,0.0,410.0,chuy,400-40prestados+10camion
gas,26/06/2023,13:25:19,0.0,0.0,0.0,550.0,trino,
gas,26/06/2023,13:29:58,0.0,0.0,0.0,420.0,pancho,420-150prestados
ing,26/06/2023,13:35:01,153.0,5.8,887.4,0.0,,
gas,26/06/2023,13:37:30,0.0,0.0,0.0,450.0,plutis,400-150prestados+50prestados
gas,27/06/2023,12:41:03,0.0,0.0,0.0,410.0,carlos,
gas,27/06/2023,12:41:12,0.0,0.0,0.0,420.0,chuy,
gas,27/06/2023,12:41:19,0.0,0.0,0.0,510.0,lalo,
gas,27/06/2023,12:42:33,0.0,0.0,0.0,400.0,plutis,400-50anteriores
gas,29/06/2023,11:55:08,0.0,0.0,0.0,405.0,chango,400se fue tempra pidio permiso-50prestados+5camion
gas,29/06/2023,12:37:04,0.0,0.0,0.0,1000.0,pago,arpillas del dia 27 6 23 resto
gas,29/06/2023,12:46:19,0.0,0.0,0.0,560.0,trino,550+10camion
gas,29/06/2023,12:46:54,0.0,0.0,0.0,420.0,chuy,420-20-20prestados
gas,29/06/2023,12:47:32,0.0,0.0,0.0,400.0,carlos,400-50prestados
gas,29/06/2023,12:50:00,0.0,0.0,0.0,560.0,lalo,550-50prestados+10camion
gas,29/06/2023,13:14:13,0.0,0.0,0.0,350.0,pago,rep lona
gas,29/06/2023,13:22:47,0.0,0.0,0.0,350.0,pancho,350-100prestados
gas,29/06/2023,13:23:18,0.0,0.0,0.0,400.0,plutis,400-300prestdaos
gas,01/07/2023,11:57:12,0.0,0.0,0.0,410.0,carlos,350+50pocagente+10camion
gas,01/07/2023,12:05:39,0.0,0.0,0.0,470.0,lalo,450-50prestados+20faltogenteycamion
gas,01/07/2023,13:03:06,0.0,0.0,0.0,400.0,plutis,400-50prestados
gas,01/07/2023,13:03:21,0.0,0.0,0.0,200.0,pancho,200-50prestados
gas,03/07/2023,12:37:45,0.0,0.0,0.0,400.0,feo,400-50prestados
gas,03/07/2023,12:39:11,0.0,0.0,0.0,410.0,chuy,400-50prestados+10camion
gas,03/07/2023,12:42:18,0.0,0.0,0.0,420.0,chango,400-50prestados+20camion
gas,03/07/2023,12:43:21,0.0,0.0,0.0,550.0,trino,
gas,03/07/2023,12:46:40,0.0,0.0,0.0,700.0,lalo,500+10camion+200prestados
gas,03/07/2023,13:36:36,0.0,0.0,0.0,420.0,pancho,
gas,04/07/2023,08:22:32,0.0,0.0,0.0,3600.0,pago,renta gob
gas,04/07/2023,13:05:31,0.0,0.0,0.0,510.0,lalo,500-50abono+10camion
gas,04/07/2023,13:05:47,0.0,0.0,0.0,420.0,chuy,400-20prestados+20camion
gas,04/07/2023,13:24:48,0.0,0.0,0.0,560.0,trino,550-50anteriores+10camion
gas,04/07/2023,14:05:59,0.0,0.0,0.0,400.0,plutis,400-50abono
gas,04/07/2023,14:06:13,0.0,0.0,0.0,420.0,pancho,420-90-50-20prestados
gas,07/07/2023,11:17:25,0.0,0.0,0.0,510.0,lalo,500-50anteriores+10camion
gas,07/07/2023,11:25:24,0.0,0.0,0.0,410.0,chuy,400+10camion (se pago completo - dia anterior se pago medio)
gas,07/07/2023,11:53:35,0.0,0.0,0.0,300.0,carlos,200(no habia venido)+100(hubo algo de movimiento de repente)-50prestados
gas,07/07/2023,12:06:42,0.0,0.0,0.0,620.0,chango,400-50prestados+200tasadebano+20camion
gas,07/07/2023,12:22:04,0.0,0.0,0.0,550.0,trino,
gas,07/07/2023,12:54:59,0.0,0.0,0.0,450.0,plutis,400-50prestados+50seledebiandeldia5
gas,07/07/2023,12:55:59,0.0,0.0,0.0,350.0,pancho,350-100prestados
gas,08/07/2023,13:37:21,0.0,0.0,0.0,420.0,chango,400-100-50-50prestados
gas,08/07/2023,13:37:56,0.0,0.0,0.0,550.0,trino,550-150-50prestados
ing,10/07/2023,10:10:50,0.0,0.0,12000.0,0.0,abono,roro
gas,10/07/2023,10:13:04,0.0,0.0,0.0,13100.0,gass salida,sergio picha
gas,10/07/2023,10:22:17,0.0,0.0,0.0,400.0,gas salida,sergio picha
ing,10/07/2023,10:25:11,0.0,0.0,1480.0,0.0,pago,miriam salc
gas,10/07/2023,10:25:30,0.0,0.0,0.0,1500.0,gass salida,sergio picha
ing,10/07/2023,10:27:34,0.0,0.0,100.0,0.0,,
ing,10/07/2023,10:39:27,0.0,0.0,400.0,0.0,pachanga,
gas,10/07/2023,10:54:50,0.0,0.0,0.0,800.0,gass salida,sergio picha
ing,10/07/2023,10:59:02,0.0,0.0,6600.0,0.0,pago,irasema
gas,10/07/2023,11:07:17,0.0,0.0,0.0,460.0,lalo,450-50prestados+10camion
gas,10/07/2023,11:07:34,0.0,0.0,0.0,420.0,chango,400+20power-50prestados
ing,10/07/2023,11:17:14,0.0,0.0,360.0,0.0,pachanga,2 arps
gas,10/07/2023,11:21:44,0.0,0.0,0.0,345.0,chuy,340-20prestados+5extra
gas,10/07/2023,11:47:30,0.0,0.0,0.0,380.0,pancho,380-50prestados
gas,10/07/2023,13:29:40,0.0,0.0,0.0,560.0,trino,550+10camion
ing,10/07/2023,13:32:57,0.0,0.0,500.0,0.0,abono,karla
ing,10/07/2023,13:33:06,0.0,0.0,500.0,0.0,abono,becerro
ing,10/07/2023,13:33:40,0.0,0.0,6600.0,0.0,pago,irasema
ing,10/07/2023,13:34:07,0.0,0.0,3200.0,0.0,abono,leo cotorro
gas,10/07/2023,14:14:57,0.0,0.0,0.0,400.0,plutis,400-50prestados
gas,11/07/2023,12:03:08,0.0,0.0,0.0,100.0,aguas,chuy guma
gas,11/07/2023,13:22:08,0.0,0.0,0.0,510.0,lalo,500+10camion
gas,11/07/2023,13:22:23,0.0,0.0,0.0,420.0,feo,400-20prestados
gas,11/07/2023,13:23:42,0.0,0.0,0.0,420.0,chuy,420-20prestados
gas,11/07/2023,13:25:25,0.0,0.0,0.0,420.0,pancho,420-100prestados
gas,11/07/2023,13:32:58,0.0,0.0,0.0,400.0,plutis,400-50prestados
gas,11/07/2023,13:33:05,0.0,0.0,0.0,550.0,trino,
gas,13/07/2023,13:19:19,0.0,0.0,0.0,500.0,lalo,
gas,13/07/2023,13:21:24,0.0,0.0,0.0,400.0,chuy,400+20camion
gas,13/07/2023,13:23:11,0.0,0.0,0.0,400.0,carlos,400-50prestados
gas,13/07/2023,13:29:13,0.0,0.0,0.0,400.0,plutis,400-50prestados
gas,13/07/2023,13:31:25,0.0,0.0,0.0,420.0,pancho,420-50prestados
gas,15/07/2023,12:05:21,0.0,0.0,0.0,370.0,chuy,370-20prestados
gas,15/07/2023,12:06:32,0.0,0.0,0.0,460.0,lalo,450+10camion
gas,15/07/2023,13:15:07,0.0,0.0,0.0,370.0,pancho,
gas,15/07/2023,13:46:09,0.0,0.0,0.0,400.0,plutis,400-50prestados
gas,15/07/2023,13:46:14,0.0,0.0,0.0,5000.0,picha,
gas,17/07/2023,13:14:42,0.0,0.0,0.0,510.0,lalo,500+10camion
gas,17/07/2023,13:14:56,0.0,0.0,0.0,420.0,chuy,400+20camion
gas,17/07/2023,13:59:52,0.0,0.0,0.0,400.0,plutis,400(llego tarde - arriba mochandole al col)-50prestados
gas,17/07/2023,14:01:03,0.0,0.0,0.0,420.0,pancho,420-250prestados
gas,18/07/2023,12:21:32,0.0,0.0,0.0,420.0,chango,400+20power-200-50prestados+50prestados
gas,18/07/2023,12:38:10,0.0,0.0,0.0,1500.0,gasolina,roja comodin
gas,18/07/2023,12:44:26,0.0,0.0,0.0,1200.0,aguas,mariana guma
gas,18/07/2023,13:11:50,0.0,0.0,0.0,95.0,bodega,trapeador
gas,18/07/2023,13:12:09,0.0,0.0,0.0,575.0,col mdo,
gas,18/07/2023,13:15:01,0.0,0.0,0.0,900.0,lalo,500+10camion-10trapeador+400prestados
gas,18/07/2023,13:18:16,0.0,0.0,0.0,440.0,chuy,420-20prestados+20extra-10prestados-10trapeador
gas,18/07/2023,13:22:00,0.0,0.0,0.0,550.0,trino,
gas,18/07/2023,13:23:10,0.0,0.0,0.0,10.0,trino,10camion-10trapeador
gas,18/07/2023,13:49:56,0.0,0.0,0.0,420.0,pancho,420-100prestados
gas,18/07/2023,13:50:07,0.0,0.0,0.0,400.0,plutis,400-50prestados
gas,20/07/2023,12:13:43,0.0,0.0,0.0,450.0,lalo,450-50pres-50ante
gas,20/07/2023,12:14:09,0.0,0.0,0.0,430.0,chango,400+20pow+10cam-100-50pres
gas,20/07/2023,12:14:52,0.0,0.0,0.0,380.0,chuy,350-20pres+20extra+10cam
gas,20/07/2023,12:15:10,0.0,0.0,0.0,560.0,trino,550+10pres
gas,20/07/2023,12:45:52,0.0,0.0,0.0,370.0,pancho,
gas,20/07/2023,13:24:17,0.0,0.0,0.0,400.0,plutis,400-50pres
gas,22/07/2023,07:43:45,0.0,0.0,0.0,400.0,gas platina,
gas,22/07/2023,11:11:58,0.0,0.0,0.0,1750.0,arpillas,500 a 3.5
gas,22/07/2023,11:12:14,0.0,0.0,0.0,1500.0,col mdo,10 a 150
gas,22/07/2023,12:09:23,0.0,0.0,0.0,460.0,lalo,450+10camion
gas,22/07/2023,12:09:40,0.0,0.0,0.0,360.0,chuy,350+10camion-20prestados
gas,22/07/2023,12:09:55,0.0,0.0,0.0,327.0,emmanuel,320+7camion
gas,22/07/2023,14:01:23,0.0,0.0,0.0,450.0,trino,550-100rebajados(de 250prestados pendientes150)
gas,22/07/2023,14:01:49,0.0,0.0,0.0,370.0,pancho,370-100prestados
gas,22/07/2023,14:03:39,0.0,0.0,0.0,300.0,plutis,400-50llegotarde-50prestados
gas,24/07/2023,12:14:14,0.0,0.0,0.0,310.0,manu,300+10camion
gas,24/07/2023,12:18:28,0.0,0.0,0.0,420.0,chango,400+20power
gas,24/07/2023,12:18:46,0.0,0.0,0.0,360.0,chuy,350-20pres+10camion
gas,24/07/2023,12:54:51,0.0,0.0,0.0,550.0,trino,
gas,24/07/2023,13:04:56,0.0,0.0,0.0,350.0,pancho,350-50pres
gas,24/07/2023,13:42:29,0.0,0.0,0.0,350.0,plutis,350llegotarde-50pres
gas,25/07/2023,11:25:33,0.0,0.0,0.0,360.0,chuy,350+10pres
gas,25/07/2023,11:28:09,0.0,0.0,0.0,420.0,chango,400-50anter+20pow
gas,25/07/2023,11:28:15,0.0,0.0,0.0,300.0,manu,
gas,26/07/2023,13:09:44,0.0,0.0,0.0,550.0,trino,
gas,26/07/2023,13:10:52,0.0,0.0,0.0,300.0,manu,
gas,26/07/2023,13:29:40,0.0,0.0,0.0,380.0,chuy,350arpillo+30extra-30prestados
gas,26/07/2023,13:32:11,0.0,0.0,0.0,380.0,pancho,350faltogente+30extra-50pres
ing,27/07/2023,09:11:19,8.0,8.0,64.0,0.0,,
ing,27/07/2023,09:12:59,0.0,0.0,2000.0,0.0,pago,tony arpillas a 6.8
gas,27/07/2023,09:13:13,0.0,0.0,0.0,50.0,tamaras,movida camion
ing,27/07/2023,09:16:24,20.0,8.0,160.0,0.0,gde,
gas,27/07/2023,09:29:39,0.0,0.0,0.0,2000.0,col gde,a 80
ing,27/07/2023,09:46:53,0.0,0.0,552.0,0.0,solorio,vde a 7
ing,27/07/2023,10:11:35,25.0,8.0,200.0,0.0,GDE,
ing,27/07/2023,10:21:02,8.0,8.0,64.0,0.0,,
ing,27/07/2023,10:45:54,22.0,8.0,176.0,0.0,,
ing,27/07/2023,10:58:49,0.0,0.0,2100.0,0.0,pago,pelones a 7.5
ing,27/07/2023,11:16:27,65.0,8.0,520.0,0.0,,
ing,27/07/2023,11:16:47,15.0,8.0,120.0,0.0,,
gas,27/07/2023,11:39:08,0.0,0.0,0.0,5000.0,cargada,
gas,27/07/2023,11:39:18,0.0,0.0,0.0,500.0,camioneta,
gas,27/07/2023,11:39:33,0.0,0.0,0.0,300.0,camion,manguera
gas,27/07/2023,11:40:20,0.0,0.0,0.0,2700.0,vale,diesel
gas,27/07/2023,11:56:30,0.0,0.0,0.0,300.0,mane,
ing,27/07/2023,11:58:42,22.0,8.0,176.0,0.0,,
ing,27/07/2023,11:59:39,20.0,8.0,160.0,0.0,,
gas,27/07/2023,12:00:04,0.0,0.0,0.0,470.0,chango,400+50arpillada-50prestados+20pow
ing,27/07/2023,12:07:25,150.0,8.0,1200.0,0.0,gde,
gas,27/07/2023,12:25:34,0.0,0.0,0.0,560.0,trino,550-50pres+10cam
gas,27/07/2023,12:27:25,0.0,0.0,0.0,340.0,chuy,320+20extra-20pres
ing,27/07/2023,12:39:52,0.0,0.0,500.0,0.0,pago,becerro
ing,27/07/2023,12:40:05,0.0,0.0,8400.0,0.0,pago,irasema
gas,27/07/2023,12:43:04,0.0,0.0,0.0,2400.0,arpillas,200 a 1.3 - 215 a 3.3 - 330 a 3.5
ing,27/07/2023,12:43:10,48.0,7.5,360.0,0.0,,
gas,27/07/2023,13:43:17,0.0,0.1,0.2,350.0,pancho,350-150pres
gas,27/07/2023,14:06:15,0.0,0.0,0.0,350.0,pluti,350llegotarde-50pres
gas,28/07/2023,11:50:19,0.0,0.0,0.0,100.0,material,soldada diablo
gas,28/07/2023,13:13:19,0.0,0.0,0.0,320.0,manu,
gas,28/07/2023,13:13:54,0.0,0.0,0.0,390.0,chuy,350arpillo-20pres+20extra+20camion
gas,28/07/2023,13:18:34,0.0,0.0,0.0,350.0,plutis,350llegotardesefuealas13.17-50pres
gas,28/07/2023,13:34:10,0.0,0.0,0.0,550.0,trino,
gas,28/07/2023,13:37:54,0.0,0.0,0.0,270.0,pancho,350-50pres-45pres+15extra
ing,29/07/2023,08:37:10,0.0,0.0,2100.0,0.0,pago,paco minero
ing,29/07/2023,08:37:31,0.0,0.0,2100.0,0.0,pago,pelones
gas,29/07/2023,08:37:50,0.0,0.0,0.0,50.0,aguas,chayo pelones
ing,29/07/2023,08:39:29,0.0,0.0,300.0,0.0,abono paco minero,
gas,29/07/2023,11:20:46,0.0,0.0,0.0,3850.0,arpillas,1100 a 3.5
gas,29/07/2023,11:37:16,0.0,0.0,0.0,220.0,cajas,17 a 13
gas,29/07/2023,12:03:44,0.0,0.0,0.0,370.0,chuy,370-20pres+10cam
gas,29/07/2023,12:05:23,0.0,0.0,0.0,320.0,mane,300+20seledebian
gas,29/07/2023,12:26:36,0.0,0.0,0.0,370.0,pancho,370bajoalgunas-50-100-50pres
gas,29/07/2023,12:27:46,0.0,0.0,0.0,4200.0,picha,pendientes 800 para completar 5k
gas,29/07/2023,12:58:43,0.0,0.0,0.0,450.0,pluti,350llegotarde-50pres+100pres
gas,29/07/2023,13:01:57,0.0,0.0,0.0,550.0,trino,550-150pres
gas,31/07/2023,06:29:35,0.0,0.0,0.0,400.0,gas,platina
coment,31/07/2023,06:54:28,0.0,0.0,0.0,0.0,merca recibida,dilan mando 208kg de col gde a 5.5
ing,31/07/2023,10:31:50,0.0,0.0,12000.0,0.0,pago,irasema
ing,31/07/2023,10:35:33,60.0,7.5,450.0,0.0,,
ing,31/07/2023,10:50:35,15.0,8.0,120.0,0.0,,
ing,31/07/2023,10:53:53,0.0,0.0,1000.0,0.0,abono,gono
ing,31/07/2023,10:54:00,0.0,0.0,1000.0,0.0,abono,karla alex
gas,31/07/2023,10:58:06,0.0,0.0,0.0,13500.0,salida fuera,sergio picha
gas,31/07/2023,10:58:18,0.0,0.0,0.0,100.0,cocas salida,sergio picha
ing,31/07/2023,11:18:43,50.0,8.0,400.0,0.0,,
ing,31/07/2023,11:38:33,148.0,8.0,1184.0,0.0,gde,
gas,31/07/2023,11:44:05,0.0,0.0,0.0,460.0,lalo,450-50abono+10camion
gas,31/07/2023,12:03:06,0.0,0.0,0.0,350.0,chuy,350-20pres
gas,31/07/2023,12:03:36,0.0,0.0,0.0,550.0,trino,
ing,31/07/2023,12:19:11,12.0,8.0,96.0,0.0,,
gas,31/07/2023,13:09:47,0.0,0.0,0.0,365.0,pancho,365-175pres
gas,01/08/2023,08:41:22,0.0,0.0,0.0,3775.0,col vde y col mdo,20 a 80 y 15 a 145
gas,01/08/2023,10:12:01,0.0,0.0,0.0,1250.0,col gde,25 a 90 son 2250 quedaron pendientes 1000
ing,01/08/2023,10:21:03,582.0,6.8,3957.6,0.0,pago,celes rodriguez
ing,01/08/2023,10:50:27,0.0,0.0,2800.0,0.0,pago,renta calle 9
ing,01/08/2023,11:02:55,0.0,0.0,1960.0,0.0,pago,paco minero
gas,01/08/2023,11:03:31,0.0,0.0,0.0,150.0,comida,chato
gas,01/08/2023,11:04:57,0.0,0.0,0.0,1000.0,col gde,resto pendiente
gas,03/08/2023,09:45:17,0.0,0.0,0.0,400.0,feo,400-50pres
gas,03/08/2023,09:52:47,0.0,0.0,0.0,300.0,manu,
gas,03/08/2023,09:53:50,0.0,0.0,0.0,460.0,lalo,450+10cam
gas,03/08/2023,11:06:27,0.0,0.0,0.0,350.0,chuy,
gas,03/08/2023,11:10:25,0.0,0.0,0.0,3300.0,ucma,estacionamientos y cuota
gas,03/08/2023,12:44:17,0.0,0.0,0.0,550.0,trino,
gas,03/08/2023,13:01:04,0.0,0.0,0.0,265.0,pago,arpillas
gas,03/08/2023,13:43:15,0.0,0.0,0.0,400.0,pancho,370-100-200pres+30extra
gas,03/08/2023,13:43:42,0.0,0.0,0.0,350.0,plutis,350llegotardeyacabamosmuytemprano-50pres
ing,05/08/2023,09:48:39,8.0,8.0,64.0,0.0,,
ing,05/08/2023,09:48:45,33.0,7.5,247.5,0.0,,
ing,05/08/2023,09:48:52,49.0,7.0,343.0,0.0,,
gas,05/08/2023,09:49:03,0.0,0.0,0.0,1500.0,col mdo,10 a 150
gas,05/08/2023,09:49:20,0.0,0.0,0.0,2200.0,electrico,amaury nota
ing,05/08/2023,09:49:35,240.0,6.5,1560.0,0.0,pago,tony
ing,05/08/2023,09:50:52,100.0,7.5,750.0,0.0,gde,
ing,05/08/2023,09:58:57,0.0,0.0,4000.0,0.0,paca libro,
gas,05/08/2023,09:59:15,0.0,0.0,0.0,3900.0,col bco col mdo,30 a 85 y 9 a 150
ing,05/08/2023,10:35:10,96.0,7.5,720.0,0.0,gde,
gas,05/08/2023,11:05:22,0.0,0.0,0.0,4900.0,arpillas,1400 a 3.50
gas,05/08/2023,11:16:56,0.0,0.0,0.0,380.0,feo,370+10cam
gas,05/08/2023,11:17:09,0.0,0.0,0.0,450.0,lalo,450-50pres
gas,05/08/2023,11:17:21,0.0,0.0,0.0,300.0,tito,
gas,05/08/2023,12:27:03,0.0,0.0,0.0,430.0,chango,400+20pow+10cam-100pres
gas,05/08/2023,12:32:51,0.0,0.0,0.0,400.0,plutis,400-50pres
gas,08/08/2023,10:11:16,0.0,0.0,0.0,2250.0,col mdo,15 a 150
gas,08/08/2023,10:11:32,0.0,0.0,0.0,3400.0,col bca,40 a 85
ing,08/08/2023,10:29:16,0.0,0.0,250.0,0.0,pago,rotura lona
ing,08/08/2023,11:36:16,0.0,0.0,500.0,0.0,ABONO,BECERRO
ing,08/08/2023,11:40:13,0.0,0.0,2800.0,0.0,renta,kike y diego
ing,08/08/2023,12:08:31,0.0,0.0,5200.0,0.0,pago,celes a 7
gas,08/08/2023,13:29:31,0.0,0.0,0.0,510.0,lalo,500+10cam
gas,08/08/2023,13:29:55,0.0,0.0,0.0,400.0,chuy,380-30pres+20extra
gas,08/08/2023,13:32:48,0.0,0.0,0.0,320.0,tito,
gas,08/08/2023,13:32:55,0.0,0.0,0.0,550.0,trino,
gas,08/08/2023,13:35:57,0.0,0.0,0.0,430.0,chango,400+20pow+10cam-50pres
gas,08/08/2023,13:38:38,0.0,0.0,0.0,400.0,plutis,350llegotarde+50extra(se bajo completo)
gas,08/08/2023,13:40:35,0.0,0.0,0.0,450.0,pancho,430+20extra-100pres-0(dijo que no quedo debiendo de dia anterior)
gas,09/08/2023,09:08:23,0.0,0.0,0.0,200.0,aguas,arturo (jesus alb beltran)
gas,09/08/2023,09:43:50,0.0,0.0,0.0,3840.0,col mdo y col bco,a 160 mdo a 80 bco
gas,09/08/2023,12:49:24,0.0,0.0,0.0,560.0,trino,550+10cam
gas,09/08/2023,13:09:16,0.0,0.0,0.0,370.0,chuy,350+20cam
gas,09/08/2023,13:09:26,0.0,0.0,0.0,320.0,tito,300+20cam
gas,09/08/2023,13:10:33,0.0,0.0,0.0,460.0,lalo,450+10cam
gas,09/08/2023,13:40:47,0.0,0.0,0.0,400.0,pancho,380+20extra-100-50-50pres
gas,10/08/2023,07:23:10,0.0,0.0,0.0,100.0,giovanni,
gas,10/08/2023,09:09:52,0.0,0.0,0.0,1000.0,col mdo,pendientes de nota d edia anterior
ing,10/08/2023,09:11:44,0.0,0.0,225.0,0.0,,
gas,10/08/2023,09:31:01,0.0,0.0,0.0,100.0,aguas cliente,chuy guma
ing,10/08/2023,09:33:36,40.0,7.5,300.0,0.0,,
ing,10/08/2023,10:24:51,0.0,0.0,1800.0,0.0,pago,paco minero
ing,10/08/2023,10:26:52,50.0,7.0,350.0,0.0,gde,
gas,10/08/2023,11:07:29,0.0,0.0,0.0,2400.0,col mdo,15 a 160
ing,10/08/2023,11:39:19,161.0,8.0,1288.0,0.0,gde,
gas,14/08/2023,13:30:54,0.0,0.0,0.0,400.0,feo,400-50-100pres+50abono
gas,14/08/2023,13:32:50,0.0,0.0,0.0,460.0,lalo,450+10cam
gas,14/08/2023,13:40:33,0.0,0.0,0.0,470.0,chango,450(anduvo de chofer)-50pres+20pow
gas,14/08/2023,13:40:33,0.0,0.0,0.0,390.0,pancho,390-70-50-100pres
gas,14/08/2023,13:40:33,0.0,0.0,0.0,370.0,plutis,370(llego tarde)+20extra-50pres
ing,14/08/2023,13:59:47,20.0,8.0,160.0,0.0,,
ing,14/08/2023,14:00:36,20.0,8.0,160.0,0.0,,
ing,15/08/2023,10:14:29,10.0,7.5,75.0,0.0,,
gas,15/08/2023,10:16:49,0.0,0.0,0.0,3750.0,col mdo,
gas,15/08/2023,10:39:44,0.0,0.0,0.0,1998.0,col mdo,222 a 9
gas,15/08/2023,11:32:07,0.0,0.0,0.0,70.0,aguas cliente,diablo punta de agua
ing,15/08/2023,11:32:43,40.0,7.5,300.0,0.0,,
gas,15/08/2023,12:14:23,0.0,0.0,0.0,200.0,aguas cliente,arturo welton
gas,15/08/2023,13:10:21,0.0,0.0,0.0,460.0,lalo,450+10cam
gas,15/08/2023,13:10:30,0.0,0.0,0.0,300.0,tito,
gas,15/08/2023,13:12:36,0.0,0.0,0.0,365.0,chuy,350-25pres+25extra
gas,15/08/2023,13:18:36,0.0,0.0,0.0,440.0,chango,400+20pow-50-50pres+20cam(se empaco punio adentro)
gas,15/08/2023,13:53:13,0.0,0.0,0.0,6900.0,chofer camiones,4000 cargada - 2000 resto cargadas - 900 camioneta
gas,15/08/2023,13:53:36,0.0,0.0,0.0,2500.0,vale diesel,rabon - sobran 500
gas,15/08/2023,14:07:49,0.0,0.0,0.0,500.0,plutis,400-100pres+100pres
gas,15/08/2023,14:10:11,0.0,0.0,0.0,380.0,pancho,380-200pres
gas,15/08/2023,14:11:00,0.0,0.0,0.0,550.0,trino,550-50pres
ing,01/09/2023,12:58:55,0.0,0.0,855.0,0.0,pago,barba
ing,01/09/2023,13:00:44,12.0,7.5,90.0,0.0,,
ing,01/09/2023,13:13:30,260.0,6.7,1742.0,0.0,,davalos
ing,01/09/2023,13:31:26,38.0,7.5,285.0,0.0,,
ing,01/09/2023,13:32:56,25.0,7.5,187.5,0.0,,
ing,01/09/2023,13:38:45,25.0,7.5,187.5,0.0,,
ing,01/09/2023,14:56:59,40.0,6.7,268.0,0.0,,hilo
ing,01/09/2023,14:57:07,13.0,7.5,97.5,0.0,,
gas,01/09/2023,15:01:08,0.0,0.0,0.0,350.0,giovanni,350llego tarde andaba pu√±eteado-50prestados
gas,01/09/2023,15:06:25,0.0,0.0,0.0,560.0,lalo,550+10cam
gas,01/09/2023,15:06:43,0.0,0.0,0.0,410.0,chuy,400+10cam
gas,01/09/2023,15:07:50,0.0,0.0,0.0,560.0,trino,550+10cam-100pres
gas,01/09/2023,15:12:12,0.0,0.0,0.0,410.0,pancho,400+10extra-110-50-50pres
coment,01/09/2023,15:18:41,0.0,0.0,0.0,0.0,100 mas en dinero chofer,pancho dijo que iban 100 mas en el dinero del chofer y fue cierto
gas,01/09/2023,15:22:50,0.0,0.0,0.0,400.0,plutis,400-50pres
ing,05/09/2023,09:11:46,0.0,0.0,2400.0,0.0,,paco minero
ing,05/09/2023,12:41:33,0.0,0.0,2100.0,0.0,,ray andrade
ing,05/09/2023,12:41:43,0.0,0.0,2800.0,0.0,renta,kike y diego
gas,05/09/2023,13:02:40,0.0,0.0,0.0,4000.0,cargada,
gas,05/09/2023,13:02:51,0.0,0.0,0.0,1000.0,resto cargada,
gas,05/09/2023,13:03:10,0.0,0.0,0.0,900.0,camioneta,
gas,05/09/2023,13:03:22,0.0,0.0,0.0,3000.0,vale diesel,
ing,05/09/2023,13:20:20,0.0,0.0,1217.0,0.0,,karla alex
ing,05/09/2023,13:52:33,0.0,0.0,900.0,0.0,,rocio col gde
gas,05/09/2023,14:08:08,0.0,0.0,0.0,514.0,lalo,500+14cam
gas,05/09/2023,14:08:17,0.0,0.0,0.0,450.0,omar,
gas,05/09/2023,14:08:35,0.0,0.0,0.0,550.0,trino,
gas,05/09/2023,14:09:16,0.0,0.0,0.0,430.0,pancho,430-100pres
gas,05/09/2023,14:14:08,0.0,0.0,0.0,430.0,chango,400+20pow+10cam-100pres
gas,05/09/2023,14:15:31,0.0,0.0,0.0,370.0,plutis,370llegotarde-200pres
gas,05/09/2023,14:17:09,0.0,0.0,0.0,420.0,chuy,420-50pres
ing,06/09/2023,09:29:04,0.0,0.0,7400.0,0.0,abono,braulio rivas
ing,06/09/2023,09:32:40,9.0,7.5,67.5,0.0,,
gas,06/09/2023,10:00:15,0.0,0.0,0.0,700.0,cuota ucma,
gas,06/09/2023,10:00:27,0.0,0.0,0.0,2600.0,pension ucma,
ing,06/09/2023,10:02:26,0.0,0.0,300.0,0.0,pago,sergio col limpio
gas,06/09/2023,10:38:54,0.0,0.0,0.0,100.0,arpillero,reparada
gas,06/09/2023,11:10:10,0.0,0.0,0.0,400.0,bascula,reparacion
gas,06/09/2023,11:44:35,0.0,0.0,0.0,360.0,chuy,350+10cam-20pres
gas,06/09/2023,11:45:33,0.0,0.0,0.0,464.0,lalo,450+14cam
gas,06/09/2023,11:49:16,0.0,0.0,0.0,370.0,omar,
gas,06/09/2023,12:27:27,0.0,0.0,0.0,497.0,chango,450-50pres+20pow+27tacos(entrego en camioneta)
gas,06/09/2023,12:56:53,0.0,0.0,0.0,400.0,plutis,400-50pres
gas,06/09/2023,13:29:38,0.0,0.0,0.0,370.0,pancho,370-250pres
ing,07/09/2023,10:30:14,300.0,7.0,2100.0,0.0,,sixto andrade
ing,07/09/2023,11:45:35,0.0,0.0,1225.0,0.0,gde,a 7
ing,07/09/2023,12:24:44,0.0,0.0,3600.0,0.0,,carlos sanchez
gas,07/09/2023,12:24:57,0.0,0.0,0.0,700.0,arpillas,200 a 3.5
gas,07/09/2023,12:35:33,0.0,0.0,0.0,466.0,lalo,450+16cam
gas,07/09/2023,12:41:59,0.0,0.0,0.0,400.0,chuy,400-30-100
gas,07/09/2023,12:43:44,0.0,0.0,0.0,400.0,omar,
ing,07/09/2023,13:01:02,189.0,7.5,1417.5,0.0,gde,cristiano
gas,07/09/2023,13:03:58,0.0,0.0,0.0,4000.0,cargada,
gas,07/09/2023,13:04:14,0.0,0.0,0.0,900.0,camioneta,gente carga
gas,07/09/2023,13:04:27,0.0,0.0,0.0,3000.0,vale diesel,
gas,07/09/2023,13:04:41,0.0,0.0,0.0,380.0,pancho,380-100pres
gas,07/09/2023,13:07:30,0.0,0.0,0.0,1200.0,camion,muey negro
gas,07/09/2023,13:08:06,0.0,0.0,0.0,400.0,plutis,400-50pres
gas,07/09/2023,13:40:23,0.0,0.0,0.0,570.0,trino,550+20cam
ing,09/09/2023,10:05:54,54.0,7.0,378.0,0.0,gde,
ing,09/09/2023,10:10:08,100.0,7.0,700.0,0.0,gde,
gas,09/09/2023,10:15:34,0.0,0.0,0.0,1450.0,arpillas,papa more 700 a 3.5 - se deben 1000
ing,09/09/2023,10:27:48,14.0,7.5,105.0,0.0,,
gas,09/09/2023,10:47:05,0.0,0.0,0.0,10.0,trino,
ing,09/09/2023,10:53:10,10.0,7.5,75.0,0.0,,
ing,09/09/2023,11:01:19,0.0,0.0,1430.0,0.0,,castillo
ing,09/09/2023,11:06:13,20.0,7.5,150.0,0.0,,
ing,09/09/2023,11:08:08,25.0,7.5,187.5,0.0,,
ing,09/09/2023,11:13:09,30.0,7.5,225.0,0.0,gde,
gas,09/09/2023,11:28:34,0.0,0.0,0.0,450.0,lalo,
gas,09/09/2023,11:38:42,0.0,0.0,0.0,370.0,omar,
ing,09/09/2023,11:53:27,0.0,0.0,7475.0,0.0,,jch
gas,09/09/2023,11:53:41,0.0,0.0,0.0,95.0,aguas cliente,mani jch
gas,09/09/2023,12:05:08,0.0,0.0,0.0,550.0,trino,550-50-100pres
gas,09/09/2023,12:11:03,0.0,0.0,0.0,1000.0,arpillas,pendientes mariano papa more
ing,09/09/2023,12:53:26,6.0,7.5,45.0,0.0,,
ing,09/09/2023,12:57:32,13.0,7.5,97.5,0.0,,
ing,09/09/2023,13:06:03,21.0,7.5,157.5,0.0,gde,
ing,09/09/2023,13:06:48,29.0,7.5,217.5,0.0,,
gas,09/09/2023,13:08:28,0.0,0.0,0.0,380.0,pancho,380-150pres
ing,09/09/2023,13:18:27,10.0,7.5,75.0,0.0,,
ing,09/09/2023,13:23:14,55.0,7.0,385.0,0.0,gde,
ing,09/09/2023,13:24:17,15.0,6.5,97.5,0.0,,
gas,09/09/2023,13:26:58,0.0,0.0,0.0,400.0,plutis,400-50pres
gas,11/09/2023,11:31:57,0.0,0.0,0.0,100.0,cocas salida,sos picha
gas,11/09/2023,11:32:12,0.0,0.0,0.0,214.0,arpillas,65 a 3.3
ing,11/09/2023,11:46:31,0.0,0.0,17010.0,0.0,,alfonso hdez
gas,11/09/2023,11:51:45,0.0,0.0,0.0,366.0,chuy,350+10cam+6extra
gas,11/09/2023,11:51:58,0.0,0.0,0.0,460.0,lalo,450+10cam
gas,11/09/2023,11:59:01,0.0,0.0,0.0,420.0,chango,400+20camion
gas,11/09/2023,11:59:50,0.0,0.0,0.0,370.0,omar,
ing,11/09/2023,12:25:50,0.0,0.0,8400.0,0.0,,carlos sanchez
ing,11/09/2023,12:37:35,152.0,6.5,988.0,0.0,,davalos - sele repuso una de 50kg de unas que le salieron malas
gas,11/09/2023,12:41:20,0.0,0.0,0.0,550.0,trino,550-50pres
gas,11/09/2023,12:41:34,0.0,0.0,0.0,370.0,pancho,370-100pres
gas,11/09/2023,12:50:05,0.0,0.0,0.0,300.0,plutis,llego 7.15 y eso se acordo que se le pagaria
gas,15/09/2023,13:09:52,0.0,0.0,0.0,700.0,arpillas,200 a 3.5
gas,15/09/2023,13:38:45,0.0,0.0,0.0,25.0,trino,chela esperar camion para empacar
gas,15/09/2023,13:54:42,0.0,0.0,0.0,155.0,arpilla,47 a 3.3
gas,15/09/2023,15:22:51,0.0,0.0,0.0,550.0,trino,
ing,15/09/2023,15:22:58,60.0,6.5,390.0,0.0,,navarro
ing,15/09/2023,15:44:53,0.0,0.0,1000.0,0.0,para pago de gente,
gas,15/09/2023,16:09:57,0.0,0.0,0.0,440.0,chuy,440esperaroncamion-20pres
gas,15/09/2023,16:11:39,0.0,0.0,0.0,470.0,omar,470espero camion
gas,15/09/2023,16:12:24,0.0,0.0,0.0,450.0,pancho,450espero camion - 100pres
gas,2023-09-16,10:57:40,0.0,0.0,0.0,1200.0,aguas cliente,mariana guma
gas,2023-09-16,12:42:51,0.0,0.0,0.0,1500.0,gas roja,comodin 1
ing,2023-09-16,13:02:51,0.0,0.0,41400.0,0,,alfonso hdez
gas,2023-09-16,13:03:05,0,0,0,200.0,aguas cliente,ayudante alfonso hdez
gas,2023-09-16,13:04:01,0,0,0,280.0,arpillas,85 a 3.3
gas,2023-09-16,13:10:52,0,0,0,510.0,lalo,500+10cam
gas,2023-09-16,13:14:22,0,0,0,450.0,omar,
gas,2023-09-16,13:15:31,0,0,0,420.0,chuy,420llego temprano-40pres
gas,2023-09-16,13:26:24,0,0,0,550.0,trino,
gas,2023-09-16,13:40:05,0,0,0,11900.0,gastos chofer,
gas,2023-09-16,13:42:46,0,0,0,450.0,pancho,450-200pres
ing,2023-09-18,11:20:33,52.0,7.5,390.0,0,,
gas,2023-09-18,11:20:51,0,0,0,350.0,arpillas,100 ama a 3.5
ing,2023-09-18,11:45:39,39.0,7.5,292.5,0,gde,
ing,2023-09-18,11:47:13,60.0,7.0,420.0,0,gde,
gas,2023-09-18,12:02:19,0,0,0,450.0,lalo,
ing,2023-09-18,12:02:32,0.0,0.0,130.0,0,,dona mari lalo
gas,2023-09-18,12:06:20,0,0,0,420.0,omar,
gas,2023-09-18,12:07:38,0,0,0,550.0,trino,550-50pres
ing,2023-09-18,13:00:01,18.0,7.0,126.0,0,,
gas,2023-09-18,13:07:48,0,0,0,230.0,arpillas,70 a 3.3
ing,2023-09-18,13:40:06,42.0,6.8,285.6,0,gde,
ing,2023-09-18,13:58:45,290.0,7.0,2030.0,0,gde,
gas,2023-09-18,14:00:44,0,0,0,350.0,plutis,350llegocuandofaltabaunbanco - 50pres
gas,2023-09-18,14:01:48,0,0,0,370.0,pancho,370-50-50pres
gas,2023-09-19,08:35:13,0,0,0,1950.0,col mdo,15 a 130
ing,2023-09-19,09:26:29,0.0,0.0,1945.0,0,,castillo
gas,2023-09-19,09:37:27,0,0,0,500.0,aguas cliente,graciela baja calif sur
ing,2023-09-19,09:44:24,80.0,7.5,600.0,0,,
ing,2023-09-19,09:46:10,400.0,6.5,2600.0,0,,nunez
gas,2023-09-19,09:52:50,0,0,0,8.0,chango,cigarro
ing,2023-09-19,11:52:46,80.0,6.5,520.0,0,,serrano
gas,2023-09-19,12:17:56,0,0,0,410.0,chuy,400-50pres+10cam
gas,2023-09-19,12:24:43,0,0,0,520.0,lalo,500-100pres+20cam
gas,2023-09-19,12:31:43,0,0,0,480.0,chango,450+20pow+10cam-50pres
gas,2023-09-19,12:32:52,0,0,0,420.0,pancho,420-50pres
gas,2023-09-19,12:37:19,0,0,0,470.0,omar,450+20extra
gas,2023-09-19,13:03:23,0,0,0,560.0,trino,550+10cam-50pres
gas,2023-09-19,13:08:35,0,0,0,350.0,plutis,"350(llego tarde y ya llevabamos mucho empacado, se le iba a dar 300 pero sirve en la tarde para cobrar o pedidos) - 50pres"
